,n,n,n,n,mae,mae,mae,mae,mape_pct,mape_pct,mape_pct,mape_pct
variable,Current,Frequency,Power factor,Voltage,Current,Frequency,Power factor,Voltage,Current,Frequency,Power factor,Voltage
scenario,,,,,,,,,,,,
000,577.0,577.0,0.0,577.0,0.039672270363951476,0.04665337954939374,,0.8320901213171576,100.0,0.09325458061159206,,0.3642315572496247
001,1202.0,1202.0,1202.0,1202.0,0.010972237936772032,0.04162728785357788,0.010707154742096514,0.8315008319467554,3.9361114298817945,0.0832581652428269,1.0884574163416292,0.3632752422728168
002,1191.0,1191.0,1191.0,1191.0,0.01119704450041981,0.04699664147775059,0.009349286314021836,0.8401679261125108,3.4051695809943943,0.09409453899228251,1.9280587008517927,0.3670059931656793
003,900.0,900.0,900.0,900.0,0.13351222222222223,0.06937888888888882,0.0030000000000000027,0.8401977777777783,1.6450335783301473,0.13852256276946742,0.3021148036253779,0.3705056061666092
004,1201.0,1201.0,0.0,1201.0,0.011950757701915067,0.0706286427976685,,0.8534279766860946,7.7964800149826905,0.1410408724065753,,0.36966466142554255
005,1201.0,1201.0,1201.0,1201.0,0.055716802664446306,0.06564446294754328,0.0017010824313072456,0.9445845129059128,3.7462286951024693,0.13099976665033083,0.17394166011074755,0.4103272941620413
006,1201.0,1201.0,1201.0,1201.0,0.011553597002497903,0.053850957535387566,0.012588676103247296,0.9268176519567017,3.37009209152429,0.10768672943485429,2.2949393804791107,0.3974617031580858
007,1181.0,1181.0,1181.0,1181.0,0.16719559695173594,0.046337849280271376,0.0006485182049111318,0.9401244707874684,1.948202554442279,0.09261861824328163,0.06546354810516503,0.41011216940291906
008,900.0,900.0,900.0,900.0,0.04318676666666667,0.06864000000000056,0.0,1.0343744444444447,100.0,0.1373534157430563,,0.45174059021101526
009,1042.0,1042.0,1040.0,1042.0,0.12658253358925162,0.05242226487523998,0.003912500000000004,0.9215537428023028,2.4453974930418405,0.10469091721385727,0.39590981614556786,0.4010409109347752
