scenario,variable,unit,n,mae,rmse,mape_pct,bias,r,r2
000,Active power derived,kW,0,,,,,,
001,Active power derived,kW,1202,0.001685514648276729,0.0018692816619311557,2.673623429078882,-0.001685514648276729,0.09986947459397298,0.009973911955676215
002,Active power derived,kW,1191,0.0014687017999567486,0.0030369087703519563,4.043653653945202,-0.0012995136359483521,-0.10036124105040198,0.01007237870517689
003,Active power derived,kW,900,0.024028117360512233,0.024218954562512662,1.3142777442632971,-0.024028117360512233,0.24079074977213047,0.05798018517582475
004,Active power derived,kW,0,,,,,,
005,Active power derived,kW,1201,0.009836873660827354,0.009845606023061929,2.937287642000739,-0.009836873660827354,0.9989986898756825,0.99799838237333
006,Active power derived,kW,1201,0.002283660845396072,0.002286167609452139,5.224719940425161,-0.002283660845396072,0.7639297012352081,0.5835885884293143
007,Active power derived,kW,1181,0.030973254464240558,0.0309849171867143,1.5892271216468365,-0.030973254464240558,0.9528783250082026,0.9079771022704377
008,Active power derived,kW,900,0.0,0.0,,0.0,,
009,Active power derived,kW,1040,0.02445337513229811,0.0500881599463152,2.0812321910264497,-0.02242870710874042,0.9940296632688694,0.988094971458422
