path,size_bytes,sha256
.gitignore,59,39ca7797152af0aa7099b41334a9f8befbb6d0e5ad895c4cc6a3bc37a60f4160
MANIFEST_missing_files.md,746,62d7e48ae47e61fe8cf113ad6147e4451fc9000a1e469f529f4b3f75757f8185
README.md,2684,868437ffe532979c54ee6e0de72927e4ed188b6ce9bb04357e8b2e735193f0d0
data/processed/Lecturas_con_Metrel_Mi2883_metricas.xlsx,3534399,05e7f48badcc89182dea08b6f5ab356751a76c2b61e6aee8df99e4c6bdd68043
data/processed/mediciones_con_indicadores.xlsx,4047798,fcfd134f3c96cf7ff708ce0a1ba11fdbf54cc3599209bde3b461753b84c31529
data/processed/mediciones_corregido_con_calculos.xlsx,5389578,d4a23814be247ee174fdd4793040b41ce39c8a67bc7cb08e424f428097cb8d7f
data/raw/iot/lectura_iot.csv,16201,b7e09dc036a721e3e747afbfc1e26f3ac24d6854b5ec17c6534356ac230d8f5c
data/raw/metrel/Lecturas_con_Metrel_Mi2883_trabajo.xlsx,1766115,7db3ab6a408203e84a19a27a15b7d645de0ec2836bedb30297865a840982402f
data/raw/metrel/Respaldo_Experimentacion_Enpi.xlsx,17891385,962400b01000f789b596bc8d673be9c769cbb44b9ad6a8e64a77e71bce8dc441
data/raw/metrel/mediciones.xlsx,5167767,c9030a7b9d380ae8aa5de3877447e19621300e10e2680adabff849d09775bbdb
data/raw/metrel/mediciones_corregido.xlsx,11509625,ec2c0e5b59a29f83b591ea323c7e4dc7fe002db574339f5785efc381e6a45d3d
docs/data_dictionary.md,1980,5425cfdd51b7089c4dd08016ac80334cf437b3c66255117d1a1235516da3fa6f
docs/repository_audit.md,2220,cca61cb2d3c4756b6bda0e6be23229a0639da43fa4cf22deee0e887aabcb00ab
docs/reproducibility_notes.md,1919,01d84796045cd23b19e866cfd553389b5b7c6ee0d78049682a98a410763739b0
docs/security_note.md,607,598d1f70b6f8ea7c3bcb1a330cb37776242dbbb0b7d861b6253f3da8e325f6b8
manuscript/A_SaaS_IoT_Architecture_for_Traceable_Energy_Performance_Indicators_and_Distributed_Machine_Level_Monitoring_36.pdf,16567003,c5aa372a924558acce6ec6f9d03165c9c3cdcb707faac695678aaf8cac42c613
manuscript/Orcid_icon.png,1153,ead7f58ecfab0acbd37fceedf0cdc273828ecc5cef58b2948b5776a89ed79314
manuscript/Version_A1.tex,77382,2da693afd6bfe2495c4941aa41b1605f2c5f9cb06a2433bce22f5461537eb84e
manuscript/Version_A1_corrigida_claims_reproducibility.tex,78931,7590bf2b9a2f052162cd0c84116244f6208ebb8a52209a8cb1310d105b4d3961
manuscript/adhesivo_enpi.png,1211895,f3453389124d6ba2939930a7f099f1f1ba2d7591ce17af4dad6aa53d738c5ad9
manuscript/figures/andres_viveros_bio.png,972637,8e487db1a31d29161ac276ffa35e0db9df6ed86a4567a1d902c464f446bdcbf1
manuscript/figures/enpi_dashboard_sme01_dough_sheeter.png,1085479,6ae1afab8ecf4e65b8ba0ebda91c77d9b27136ebaedbdd8f33de49c6a1834336
manuscript/figures/image1.png,88425,dfffc5247ed5ab38306178ca30324d31e548a2399e0e3236570bea830f26587f
manuscript/figures/image10.png,56443,3e970c09c3a3af094bc03542a9b05435336f9cfca7f479c9c45646dcc6cbd10f
manuscript/figures/image2.png,2280362,526b53bd77064b96f6635da57157f85f7357d42441d40dcd426280e39ba9cec8
manuscript/figures/image3.png,1182083,bb6cbed87491c1800417edae58df855ca7ea2444456888081bc9d2b16070984e
manuscript/figures/image4.png,300490,92a64867edbeeb2c4e6f5c44711a74e4dad3aa3dc194435d2a996f076340b178
manuscript/figures/image5.png,570263,8a10605dd56964e7534f04f8496b59e8ebf86bd442d2b30cd0073f7d7ce6f93b
manuscript/figures/image6.png,436686,97d42b5350bed023ea095ae2b3058878de498c60c815071256aba2131e9925a8
manuscript/figures/image7.png,1862367,428ac0d5836b674609a8477529275aa8b6e581b4cd817744fbc7b0325ba4f7cb
manuscript/figures/image8.png,105256,63f8d41dbb5b90dea888af8436c7bef8e455795ee14c8375a656e0463aacf22d
manuscript/figures/image9.png,41683,813bf108b2d6cf029363eccb6b082a6e3bf77bd10d304e88d0965ad42db9e3c3
manuscript/figures/ivan_derpich_bio.jpg,75572,bffc4ca6fa7a092349e60f251cd76d5204fce34ac36eca37f5a7bf3112c14654
manuscript/figures/juan_sepulveda_bio.jpg,46270,f88137090651621c24cfc0c628f4273fb9d8db0430e00de668a7d4269a17a66b
requirements.txt,22,8bd6948617883036c9dbc61440c491fe494fe95df7954e54722b7e626f4b4c34
results/figures/fig10_bland_altman.png,56443,3e970c09c3a3af094bc03542a9b05435336f9cfca7f479c9c45646dcc6cbd10f
results/figures/fig8_mape_heatmap.png,105256,63f8d41dbb5b90dea888af8436c7bef8e455795ee14c8375a656e0463aacf22d
results/figures/fig9_scatter_enpi_metrel.png,41683,813bf108b2d6cf029363eccb6b082a6e3bf77bd10d304e88d0965ad42db9e3c3
results/tables/metrel_enpi_metrics_by_scenario.csv,7039,c95bb095a226f79a533bd92f08ed9cb2e6ab574daf8188e11c32dcb530354b75
results/tables/reproduction_qc.json,420,499bfedeafc22e0d72bcdd10c3aa313700bc3e2be3e46928eeb8cec4642b629b
results/tables/table10_reproduced_global_agreement.csv,613,9226824ccc4993c589c70b459590afe8dec2b725841f782ae3f15b5741e66e25
results/tables/table11_reproduced_active_power_derived.csv,1248,e45b2dee0249b0dc53918522b23e2fdc5a85ebb5645fae8520fbab07482b1706
results/tables/table9_reproduced_scenario_level_errors.csv,1953,1851280f72e0daf358d83de1bfb3c5705716bef69b4c5ae1e43817b202a967ef
scripts/calcular_indicadores_mediciones_original.py,6715,a103201d913b7bea8a752bbba06c3bfd8ebf411555772ac11230cb4fa0c2535e
scripts/completar_metricas_metrel_original.py,15682,f51312593b722d756d4faa975fcdcd76d70e52c427a28fa0d4516b6b473a3252
scripts/crear_mediciones_corregido_formula_original.py,9976,51ade897e9a6140df31b1b1081a4a4f0adb0a4deca483bcacfc595c4f8fd105f
scripts/reproduce_metrel_metrics.py,4824,987c8be9e2ca76737d211bbad4d93be1944acb0701e5d40178fc16a3d7c95bf8
